"conviction","fear","time","kidnapped","experiences.type","income","blogs","age","gender","political"
43.7893468658771,6.13591255525658,125.988226916339,"yes","eerie feeling","75-100K","1",27.4692163790716,"female","democrat"
13.9809817816337,0.0220133866401168,166.954535192528,"yes","saw ghost","75-100K","1",55.5386042337646,"female","independent"
21.4559085222235,0.264032678746119,109.704770125983,"yes","saw ghost","50-75K","0",24.6981644696152,"male","democrat"
45.071737342645,0.960242707737438,138.246329567627,"yes","saw ghost",">100K","1",27.1354276405182,"female","democrat"
35.5560135853951,7.01662134735014,34.8327459060416,"yes","saw ghost","50-75K","2",42.567900190747,"female","democrat"
21.6916308667706,0.0410219010984188,14.5047190661001,"yes","saw ghost","50-75K","0",56.4716766186947,"women","democrat"
26.7321632442952,0.74401207635677,85.2511787275525,"yes","saw UFO","50-75K","1",58.9292377969776,"women","democrat"
31.6775255286686,0.0165252851829573,3.49779640962174,"yes","saw ghost","50-75K","0",47.2707632253909,"male","democrat"
33.288872969224,6.75806054775193,147.428736167344,"yes","eerie feeling","50-75K","0",66.1949769953773,"male","republican"
20.5866862945475,0.116126997200844,89.4210147588434,"yes","saw ghost",">100K","2",69.2063644462161,"female","republican"
34.5598262213442,0.464567602529925,130.02051957126,"yes","saw ghost",">100K","4",123,"women","democrat"
27.827280774391,0.594677222584328,118.895784437729,"yes","saw ghost","<50K","0",60.2216513773978,"female","republican"
34.8113983624608,0.12714254426561,73.1772178975729,"yes","presence watching","<50K","0",59.1938171426208,"male","republican"
41.2380156370011,1.95414116200979,14.6209189610186,"yes","saw UFO","50-75K","2",31.9412623993436,"female","independent"
28.5359964303149,0.330467371753258,144.67114038463,"yes","saw ghost","<50K","3",70.3779759057797,"female","republican"
19.1472500155817,1.56936578749922,75.5991158783788,"yes","heard voice","75-100K","0",48.4975857659156,"female","democrat"
41.5920933288229,1.04016875014269,115.700465518576,"yes","eerie feeling","50-75K","0",70.3779759057797,"male","democrat"
39.067087716361,8.41844562119231,92.5244474088284,"yes","saw ghost","75-100K","1",34.9017599067435,"women","democrat"
20.5138974292702,4.60041774373792,120.673985137003,"yes","saw UFO","75-100K","2",63.4616711031414,"women","democrat"
46.079772974634,5.84368377267755,-23.4156156031364,"yes","saw ghost","50-75K","3",27.8371384894921,"female","independent"
37.1158058542952,2.04576917569545,54.4578878205372,"yes","saw ghost","75-100K","0",70.3779759057797,"female","independent"
31.4761982320877,7.61271596036069,61.8070451589336,"yes","saw ghost","50-75K","0",59.9197001218356,"female","republican"
34.6976765087453,10.3074654052572,88.0491385432546,"yes","saw ghost","75-100K","1",37.1106313047883,"women","democrat"
37.3848654272789,5.1512152427793,69.1807602408257,"no","saw ghost",NA,"1",48.6658907995027,"female","republican"
26.2145689820032,5.40259218818042,81.3528517553004,"yes","saw ghost","50-75K","1",50.0158939502904,"male","republican"
28.7014091770894,1.85168252292894,97.3283215670342,"yes","saw ghost","50-75K","0",35.337257847328,"female","democrat"
24.1086048643392,6.32372374429135e-05,127.705337105964,"yes","saw UFO","50-75K","2",26.2247964598745,"male","democrat"
47.1344671208127,1.00207864253468,87.7424324595462,"yes","presence watching","<50K","0",33.9537253045849,"male","democrat"
38.5388418639992,0.277272132533365,132.078142150734,"yes","eerie feeling","50-75K","0",65.7702838722474,"female","democrat"
30.6818643602033,3.65294705314813,94.5163631231141,"yes","heard voice","<50K","0",27.5623651474949,"male","democrat"
28.1553954050875,0.0476811281158745,11.7203079579452,"yes","saw UFO",NA,"1",64.3376229747509,"female","republican"
27.6598855169274,0.724300120613787,161.3864694328,"yes","heard voice","50-75K","1",23.2294719335572,"female","democrat"
31.2037731563597,12.2049239429896,107.880343697685,"yes","saw ghost","50-75K","1",65.2234545759691,"male","democrat"
18.8761692531392,3.07957285650991,46.2289262666033,"yes","saw ghost","75-100K","1",36.5232510304419,"women","republican"
26.8181501224024,0.484597314931999,94.976569371254,"yes","eerie feeling","75-100K","1",70.3779759057797,"male","republican"
31.2032821891227,0.189236846186151,108.618184578911,"yes","saw ghost","50-75K","1",19.7341840212892,"male","democrat"
31.7237239911855,0.642829940007328,106.783840775536,"yes","saw ghost","75-100K","0",70.3779759057797,"female","democrat"
22.7443795866085,2.2699844477005,159.527791586563,"yes","saw UFO","50-75K","1",39.5168606513457,"female","democrat"
39.5958177042892,27.0501523743925,44.3273651951834,"yes","saw UFO","75-100K","1",38.2104743622058,"female","republican"
31.6532486582359,9.80498914748699,42.449281258719,"yes","eerie feeling","50-75K","0",39.9719093863113,"female","republican"
17.3318665694474,1.16835123066011,137.876016948007,"yes","saw UFO","75-100K","2",57.0824118780137,"female","democrat"
27.9978655179627,13.8121563664443,60.3286241830515,"yes","saw UFO","75-100K","0",69.7773822179639,"male","democrat"
6.90373419081676,3.66303922902368,95.7774347688419,"yes","eerie feeling","50-75K","0",58.3944934430075,"male","republican"
28.1845979611215,1.23977416049692,49.2924988219256,"yes","saw ghost","50-75K","1",23.1345445436849,"female","democrat"
36.3032536608083,0.151726338715947,147.744611969721,"yes","saw UFO","75-100K","0",21.0770754224278,"female","democrat"
45.3584723571844,2.52854249194669,54.6601192756208,"yes","saw UFO","50-75K","4",64.2421951595954,"male","republican"
28.7903764652743,0.533134206333018,113.870193315446,"yes","saw ghost","75-100K","1",39.3234572572285,"female","republican"
22.8618248765428,0.303612149383129,199.518022367853,"yes","eerie feeling","50-75K","0",20.1449661979671,"women","democrat"
36.6615947406825,6.1776169119327,49.2378516965243,"yes","presence watching",NA,"2",62.4488082953434,"female","democrat"
25.6764998409126,0.0171982028707912,189.978837508326,"yes","eerie feeling","50-75K","0",24.1738326019302,"male","republican"
14.4004257598979,28.5524888447706,73.6585249792343,"yes","saw ghost","<50K","0",26.803914036213,"male","democrat"
23.1212571178328,28.4817619944697,76.9633593362487,"yes","eerie feeling","75-100K","1",20.2946444581952,"female","republican"
25.7290616629121,12.9594938990837,67.3122675819899,"yes","eerie feeling","<50K","0",68.2704642232379,"male","democrat"
34.0482215256747,38.4433608709135,45.7015810393517,"yes","saw ghost","50-75K","0",43.918367902173,"male","independent"
52.2154173558402,4.60763355979452,116.64959556326,"yes","heard voice","50-75K","0",27.3543365245461,"female","democrat"
13.8661371532849,0.00511601357031769,143.488958948913,"yes","saw UFO","<50K","1",31.6272209043941,"female","democrat"
8.09314151273101,4.0924403513712,203.107862912561,"yes","heard voice","50-75K","1",53.5079630428976,"female","democrat"
16.4372383767917,0.0785495350385065,102.347751215422,"yes","eerie feeling","50-75K","0",34.8893329344162,"female","democrat"
30.3017089693133,0.635222432105461,54.3498235574725,"yes","saw ghost","50-75K","0",39.4547234455164,"female","democrat"
28.5027698705147,0.0205936728884696,50.5508467364273,"yes","eerie feeling","50-75K","0",24.2443263389697,"female","democrat"
40.823363593178,2.02304033504844,147.079600970188,"yes","eerie feeling","<50K","0",39.4982279056086,"female","democrat"
36.4299044598471,1.55355534107617,4.98190250313938,"yes","saw ghost","50-75K","2",32.21135122943,"female","independent"
9.40135989232368,1.19109211777153,123.984237052642,"yes","saw ghost","<50K","1",69.3906347943287,"female","republican"
39.4519169649138,0.372289918193939,102.175618376598,"yes","eerie feeling","50-75K","1",55.2682563900627,"male","democrat"
34.6755551454907,0.587263819463647,145.761511970885,"yes","eerie feeling","75-100K","2",41.2933435841262,"male","democrat"
14.9321082724404,3.45741282634488,82.0888969966064,"yes","saw UFO","50-75K","0",53.8858328027893,"female","republican"
25.1676150092586,2.16735601214761,82.5484154470041,"yes","eerie feeling","50-75K","1",60.5429932026088,"female","republican"
28.2692281616718,6.14325920300875,137.9731397747,"yes","saw ghost","<50K","1",48.8593165251382,"female","republican"
21.0916031163752,21.8360072689244,78.1365863537231,"yes","eerie feeling","50-75K","2",34.0139172911015,"female","democrat"
40.1033013876715,18.35853052955,44.3478766779566,"yes","saw UFO","50-75K","2",48.8885209027296,"female","republican"
22.2858434532614,3.59114625359599,69.1885972899076,"yes","eerie feeling","<50K","1",30.1820618598669,"male","republican"
41.5172264463866,0.127538420327572,83.1629673400507,"yes","eerie feeling","50-75K","2",37.7988961671864,"female","republican"
20.7188225245902,0.0476683752992638,118.317452042341,"yes","saw UFO",">100K","1",56.716725012485,"female","democrat"
45.7989409910474,3.06177946454954,64.3758080260633,"yes","saw UFO","<50K","0",27.0544213545397,"male","democrat"
48.6590448920273,5.10128269173737,75.9517045794054,"yes","saw UFO",NA,"0",47.152745887137,"male","republican"
27.5439217894332,1.31818138824156,35.269042022791,"yes","eerie feeling","50-75K","0",36.3669788416966,"male","republican"
19.4963149448102,6.64299004665392,53.8334570501616,"yes","eerie feeling","75-100K","0",28.5825703034999,"male","republican"
42.8858266553824,6.91266151584675,68.6111660846344,"yes","saw ghost","75-100K","0",42.5250465315318,"male","independent"
29.90483444943,0.535242473403932,108.569211526951,"yes","saw ghost","50-75K","4",23.2522072683257,"male","democrat"
18.4966344666848,1.513702867383,164.284236301986,"yes","saw ghost","50-75K","0",66.9071762101597,"male","democrat"
23.4640013512535,0.105493051016454,69.4533747376736,"yes","saw ghost","50-75K","4",23.716436741788,"male","republican"
16.0276791573906,2.69038026481264,108.116006628698,"yes","saw ghost","<50K","1",39.2696342088703,"female","republican"
32.1461153309598,5.23033864262535,145.545916257248,"yes","saw ghost","<50K","0",60.66561459407,"male","independent"
21.7273758701806,0.0742204730471978,161.414358219684,"yes","saw ghost","50-75K","4",63.7293490211507,"male","democrat"
20.6689713866309,4.74110753849147,115.671424951068,"yes","eerie feeling","50-75K","0",44.2948216706021,"male","independent"
32.9330363616639,17.547492904977,47.7189440356678,"yes","saw ghost","75-100K","1",46.8627260849169,"male","democrat"
22.7612893194726,1.62679001922811,116.494540250501,"yes","saw ghost","75-100K","0",66.0101248085884,"female","democrat"
35.3300518869054,0.107520357131721,91.7827047753161,"yes","eerie feeling","50-75K","1",2,"male","republican"
21.103236868806,1.65809578606156,15.2229166669431,"yes","saw ghost","75-100K","1",48.88260668897,"female","republican"
19.4896024049505,12.9600010078362,151.003544287996,"yes","eerie feeling","75-100K","2",26.7469614682173,"male","democrat"
21.6289190873657,14.7039788567053,133.605972747313,"yes","eerie feeling","50-75K","0",32.5900528601774,"women","independent"
30.9304101332332,11.7097828112487,59.6848199218926,"yes","saw UFO","50-75K","0",60.7535975916916,"female","republican"
20.9426800287157,6.636863684867,44.3621587078033,"yes","heard voice","50-75K","0",33.981578771809,"female","republican"
23.3870414048541,0.00377644619185009,152.450896304831,"yes","heard voice","75-100K","2",70.3779759057797,"female","democrat"
37.9030061253058,0.306867131325271,69.1074148019688,"yes","heard voice","75-100K","2",70.3779759057797,"male","republican"
40.1432177322811,0.424162079942459,106.465972530985,"yes","saw ghost","50-75K","0",32.9174919701329,"female","democrat"
32.5279229584351,12.832205158203,65.1807971927213,"yes","saw ghost","50-75K","0",53.9684731021408,"male","democrat"
37.389876888978,1.04051952642674,55.9817450156361,"yes","saw ghost",">100K","0",21.1475119271664,"male","republican"
13.8923875419625,0.535433714260624,94.7751443147571,"yes","saw ghost","<50K","4",35.1699283580366,"women","democrat"
-0.148773124353049,0.40172684478527,194.543582600412,"yes","saw ghost","50-75K","0",49.2690621092143,"female","republican"
47.7250205519373,1.28828877422495,70.7296670474631,"yes","saw ghost","<50K","0",70.3779759057797,"male","independent"
13.5851005895514,17.2568183733886,112.670655830086,"yes","heard voice","75-100K","0",27.5808173277776,"female","democrat"
19.1915260980611,3.48338850085913,161.591646137607,"yes","saw ghost","50-75K","0",52.1936013511004,"female","democrat"
37.306285264904,21.8429698389984,136.512434778467,"yes","heard voice","<50K","1",28.4625892833482,"female","democrat"
16.8880151500319,0.087191758323423,137.743985182535,"yes","heard voice","<50K","0",21.859944241651,"male","republican"
23.9579705628826,10.3205002632207,31.4649481762305,"yes","saw ghost","50-75K","0",29.025578349284,"male","independent"
27.830960416662,0.000628458224136529,139.762250790954,"yes","saw ghost",">100K","1",40.5634896217267,"male","democrat"
12.0705933257162,0.135035102004956,73.8671504496226,"yes","saw ghost",NA,"0",35.4062529515977,"female","republican"
46.8596626762544,4.75924904991913,7.99157931310951,"yes","eerie feeling",NA,"0",57.4204365406635,"female","independent"
14.2639169229038,0.643673403467375,77.9006765901762,"yes","saw UFO","75-100K","1",37.8006608031148,"female","democrat"
32.7553715780012,0.325877540966648,88.9894618189075,"yes","saw ghost","50-75K","0",58.4870845868951,"male","democrat"
34.1054351498704,0.856827928875335,113.514232269488,"yes","eerie feeling","50-75K","0",56.6029951011744,"female","democrat"
18.8097602331714,6.04047657357093,87.3611656157375,"yes","eerie feeling","50-75K","3",48.9510174195946,"female","republican"
33.6007355732299,2.80862172498781,91.1039054762703,"yes","eerie feeling","75-100K","0",21.4718015090596,"male","democrat"
37.0331430660332,0.205001296940757,143.955078022047,"yes","saw ghost","<50K","0",67.9477351644791,"male","democrat"
44.9017320411566,1.29038680843102,83.8708876373363,"yes","saw ghost","<50K","0",46.9681448612725,"male","democrat"
18.2523485982221,0.00417606700733403,117.189969458021,"yes","saw ghost","<50K","0",22.3239744546495,"male","republican"
54.0158484088165,2.47689103689291,137.661168217942,"yes","saw UFO","75-100K","0",38.7270077402363,"male","republican"
38.1820273545759,12.7154392535797,74.831976034338,"yes","eerie feeling","50-75K","1",41.7534759509557,"male","democrat"
31.6645904937541,31.3713183409994,57.3288018024733,"yes","saw ghost",">100K","1",69.5291961751751,"male","republican"
37.7418888929898,2.90556479535554,142.155640791222,"yes","heard voice","75-100K","0",23.0143007744967,"male","democrat"
42.48870965031,10.2087710080495,25.883683709008,"yes","saw ghost","75-100K","1",22.903644464549,"female","democrat"
42.2698645338193,2.58985681212532,94.179264420034,"yes","heard voice","50-75K","1",70.3779759057797,"women","democrat"
18.5230883847142,2.95571062687098,119.555208481121,"yes","eerie feeling","50-75K","0",22.2739817872721,"male","republican"
26.4080580372122,1.0357696347998,83.0129361265502,"yes","saw UFO",">100K","4",45.0035023762032,"female","democrat"
31.5395606590543,2.85520890478414,110.900292516477,"yes","saw ghost","50-75K","1",56.4083644285995,"male","democrat"
41.5161379566146,0.168806854885631,29.9435542920013,"yes","saw ghost","<50K","4",27.1354276405182,"female","republican"
31.6437184811971,0.815731665025564,185.226655306124,"yes","eerie feeling","75-100K","3",30.6401496549743,"female","independent"
22.5469725368518,0.665722459481352,101.022777483034,"yes","heard voice",NA,"1",69.9267467645304,"female","independent"
33.8534476527762,0.555132836197261,87.3351275833149,"yes","eerie feeling","50-75K","0",31.3657372583825,"female","democrat"
29.4657475587545,0.0558035161731834,47.3925889698408,"yes","eerie feeling",NA,"0",35.5089098153321,"male","democrat"
19.9794023016903,6.22916396311075,215.294418133176,"yes","saw UFO","50-75K","3",23.1831984927498,"male","republican"
30.5103412909002,10.4120844987339,43.2991427253517,"yes","saw UFO","50-75K","0",32.2434418305734,"female","aliens are REALLLLLLL"
35.9458264200684,0.684532372082308,141.297328051059,"no","saw ghost","50-75K","0",57.8062401899445,"female","independent"
53.9108514682918,12.148309683412,129.20799181009,"yes","saw UFO","75-100K","1",42.2729305984103,"male","democrat"
26.4684699830925,32.6212829329968,54.9408794746663,"yes","heard voice","50-75K","4",59.9146820207397,"female","democrat"
25.4941292792808,0.656716592253355,96.7584451507015,"yes","saw UFO","50-75K","3",27.1354276405182,"female","democrat"
21.0801021336949,2.58066961189728,138.06493753052,"yes","eerie feeling","50-75K","1",27.2925973319802,"female","republican"
29.7644947961877,0.0840609865183028,107.999771246137,"yes","eerie feeling","50-75K","0",53.5423073135467,"male","republican"
44.0782395135441,0.332537606394421,97.045569431538,"yes","saw UFO","75-100K","0",26.9315670789247,"female","independent"
42.2375555656599,0.63969131450583,15.2886690124013,"yes","saw ghost","50-75K","0",54.3933116496875,"female","independent"
14.2237293124648,3.56121460954188,99.3777565157473,"yes","heard voice","<50K","1",50.091063166601,"male","independent"
41.2732826993667,2.35550570204152,159.135362894432,"yes","saw ghost","50-75K","1",35.9133423122796,"female","republican"
39.7965799640301,6.69623602016626,191.717637069749,"yes","eerie feeling","50-75K","1",35.6904189339322,"female","democrat"
20.512064028832,9.9758615562302,138.803685198099,"yes","saw UFO","50-75K","4",21.8843757379175,"male","democrat"
29.7597438128349,15.9229660299612,114.141786299687,"yes","saw ghost",NA,"3",65.4242934870866,"female","democrat"
22.325019071342,4.51457667025932,196.453459262594,"yes","saw ghost","75-100K","0",30.7231755075261,"female","democrat"
23.3924023687074,5.57804059282866,86.9550671159387,"yes","saw UFO","75-100K","0",70.3779759057797,"female","republican"
36.2316187923318,0.278538631203885,59.4734350364888,"yes","saw ghost","50-75K","1",34.3417407352822,"female","democrat"
11.9147201519384,2.44672841601465,128.557857928187,"yes","saw ghost",">100K","0",59.4234352473767,"female","democrat"
37.9831601849516,0.00993806729231076,122.845343595841,"yes","saw UFO","<50K","0",45.9140092080325,"female","democrat"
44.766900428902,7.4960642296262,115.885044329415,"yes","saw ghost",NA,"4",32.8984733909508,"female","republican"
14.6125981659697,0.452784336766418,96.3838078980513,"yes","saw ghost","75-100K","0",35.7510316745888,"male","republican"
27.4985691040352,0.853575086014579,143.86898595381,"yes","saw UFO","50-75K","0",51.7848236368944,"female","democrat"
27.4874080708569,7.8766961984181,116.515666338053,"yes","saw ghost","50-75K","1",70.3779759057797,"female","democrat"
25.357023064952,1.94395186763211,116.979828147478,"yes","eerie feeling","75-100K","0",24.877052201181,"women","democrat"
26.1664707575037,0.0988907717337294,99.0094691692652,"yes","saw ghost",NA,"4",41.0821831478997,"female","republican"
12.4132847364768,8.52897495362051,68.5205706097131,"yes","saw ghost","50-75K","2",55.7643678694237,"female","democrat"
22.7349204376616,0.000257090245082023,161.185234007094,"no","saw UFO","50-75K","0",28.7634876619041,"female","republican"
54.4257626471306,2.05022884831115,120.660807612365,"yes","saw UFO","50-75K","1",65.2382239979718,"male","democrat"
17.8950115909841,39.6519132280001,129.488910091973,"yes","eerie feeling","50-75K","2",39.3031192041753,"female","democrat"
24.6399170700863,0.760536883860429,123.491166476149,"yes","saw ghost",NA,"0",48.0693127356883,"male","independent"
42.1852030182654,0.000501067786857616,122.423233155918,"yes","saw UFO","50-75K","3",43.5861596069405,"male","republican"
32.8388636475805,0.00320295467868661,136.979167143611,"yes","presence watching","50-75K","0",68.7995188185026,"female","democrat"
25.5760598568218,6.54143385679284,100.250343782089,"yes","eerie feeling","75-100K","2",43.6275045119893,"male","republican"
41.1131980087733,4.01670977441907,95.755130117992,"yes","presence watching","50-75K","2",70.3779759057797,"female","democrat"
32.6177139090803,5.4796589553821,107.899502510518,"yes","saw ghost","50-75K","0",42.3041054677204,"female","democrat"
32.0068472277301,0.393780614873031,54.0875115614055,"yes","presence watching",NA,"0",41.4044349173852,"male","republican"
44.4717271473355,2.64906298354563,68.1915873869708,"yes","saw UFO","50-75K","1",29.6035893983157,"female","democrat"
32.6235280691771,4.57617603285179,127.632404299366,"yes","saw ghost","<50K","0",27.2946862960412,"male","democrat"
33.0796912024749,5.11025261972417,-22.8090609109245,"yes","heard voice",NA,"1",61.3261425956161,"male","democrat"
22.2699553578387,8.64084086433948,66.6717275286936,"yes","saw ghost","50-75K","1",23.7772952881399,"male","republican"
24.4135584443937,0.617672770619033,103.525822879434,"yes","heard voice","50-75K","1",52.4560644796245,"women","republican"
14.1902712958319,0.461590402953333,115.581960738197,"yes","eerie feeling","75-100K","1",19.8190467718278,"female","democrat"
38.929984049,14.4592166383476,105.4759611109,"yes","saw ghost","75-100K","2",33.4998823381874,"male","independent"
24.2642895800222,1.40033639967513,59.1087246082889,"yes","saw ghost",">100K","1",45.9834973031189,"female","democrat"
22.3527976382847,1.63761827989929,212.774991298073,"yes","saw UFO","50-75K","0",27.1354276405182,"female","republican"
22.6779196244124,0.00955101484853216,144.776648330023,"yes","eerie feeling",NA,"2",70.3779759057797,"female","democrat"
40.1869532219815,0.101778929817195,82.0994458710684,"yes","heard voice","<50K","0",42.8412842941208,"women","democrat"
9.846016816733,0.474036304932522,59.8233569403281,"yes","eerie feeling","50-75K","0",70.3779759057797,"female","republican"
25.037303516106,6.09025411479532,170.089612126421,"yes","eerie feeling","50-75K","0",27.8235102459387,"women","democrat"
6.8232533589901,0.683371414039482,94.1772203272384,"yes","heard voice","50-75K","0",70.3779759057797,"female","republican"
26.8928556974331,5.13377969204224,107.808774111917,"yes","eerie feeling","50-75K","1",38.4353294287938,"male","democrat"
22.0561675273497,6.28817799927308,82.8117266700938,"yes","saw ghost","75-100K","1",64.5708918010395,"male","democrat"
25.5405506949871,7.78406888947536,9.17290604312697,"yes","eerie feeling","75-100K","0",27.1354276405182,"women","republican"
16.9352637398664,8.34659401156285,113.156957914734,"yes","saw UFO",">100K","0",25.2512726615705,"female","republican"
37.421615631041,0.227899180682805,144.134227624515,"no","saw ghost","<50K","0",32.8167717032208,"female","democrat"
6.87103447972215,2.14341575128846,95.7276234676271,"yes","eerie feeling","75-100K","0",70.3779759057797,"male","republican"
41.3626129176033,8.22157118673503,84.7357717036534,"yes","saw ghost","75-100K","4",33.622411819283,"male","democrat"
20.6690440679357,2.28717037249336,46.2056831667005,"yes","saw ghost","<50K","1",21.4822766103615,"female","republican"
22.5781861737813,3.39970857202541,74.9199104866524,"yes","eerie feeling",">100K","3",60.0229640527035,"female","democrat"
27.1457855055635,8.80695901247373,134.33078836265,"yes","eerie feeling","75-100K","3",55.1055182668073,"female","republican"
40.9470286912841,4.09181228368495,90.8780119195408,"yes","heard voice","50-75K","4",27.1354276405182,"female","republican"
9.6210105453631,0.0174119038366747,20.6327888485919,"yes","saw ghost","50-75K","0",27.1354276405182,"female","democrat"
34.7343140700572,0.21582279328016,54.759127983606,"yes","saw ghost","75-100K","0",46.3476244559436,"female","democrat"
29.7634501326487,1.98416266675622,54.1522918796343,"yes","heard voice","50-75K","0",44.7599706529464,"female","democrat"
14.4015019747866,0.230063667814216,94.2092566457927,"yes","eerie feeling","50-75K","0",27.1354276405182,"male","democrat"
63.2231496643343,0.193546766925676,112.465520660037,"yes","heard voice","50-75K","1",27.1354276405182,"female","republican"
63.6166615676342,0.111779885348753,127.663851097202,"yes","saw UFO","50-75K","1",26.019337383092,"male","republican"
91.1074755863684,4.48307335945959,107.016653775832,"yes","presence watching",NA,"0",41.4439912360466,"women","republican"
64.031598427973,25.5650752866988,58.574881030844,"yes","saw UFO","<50K","0",37.9201567911307,"female","republican"
81.4577039151241,0.149161599371233,85.4848533821174,"yes","saw UFO","50-75K","0",41.311432268508,"female","independent"
73.1563164804149,7.37768308228017,68.1704385106787,"yes","saw ghost","50-75K","0",29.116746180769,"women","republican"
74.0605846114044,1.13405449222085,150.518164144951,"yes","eerie feeling","<50K","1",54.4338194641547,"female","republican"
62.7314449934091,5.46376672517229,98.3489214775059,"yes","heard voice","50-75K","1",27.1520088812495,"women","independent"
74.5255302689617,3.75469708542384,122.753218541798,"yes","presence watching","50-75K","1",40.784015797317,"male","republican"
70.8342478140058,0.127716551253024,86.6821820155006,"yes","saw ghost","<50K","0",68.3918382337234,"male","republican"
86.4976328127542,1.64836391507317,166.185174142612,"yes","heard voice","50-75K","2",41.2907588181681,"female","democrat"
63.2522050126631,0.38150461434373,132.150088594131,"yes","eerie feeling","<50K","0",59.8304478130432,"female","republican"
56.7640535125442,0.36750188800989,66.7626552720621,"yes","eerie feeling","<50K","1",70.3779759057797,"female","republican"
87.0478072794664,2.60021641851229,78.4418667327587,"yes","saw UFO",NA,"0",36.1067816416869,"female","democrat"
81.5020737414391,12.6045897696106,162.17162088694,"yes","presence watching",">100K","1",42.5539935939406,"male","republican"
79.7889953498918,1.68554153682166,157.434243252593,"yes","eerie feeling","75-100K","0",35.234723180045,"male","democrat"
73.8510898822973,2.54371927013457,90.9982071276034,"yes","presence watching","50-75K","1",70.3779759057797,"male","democrat"
85.6443166614686,7.24210592306548,167.166411903773,"yes","eerie feeling","50-75K","0",60.6733475849515,"male","democrat"
68.1127873667166,13.4785591781984,49.9469725804045,"yes","eerie feeling","75-100K","1",31.264489751825,"male","republican"
63.1545841296388,7.93262050375849,104.274968143059,"yes","heard voice","<50K","0",70.3779759057797,"female","republican"
62.0740123841931,4.83470149053237,109.978409886388,"yes","saw UFO",NA,"1",26.1663209409556,"female","republican"
54.5052077802349,32.7826409443977,20.6861013094739,"yes","saw ghost","50-75K","0",59.5392622165946,"male","republican"
77.2749110891056,0.0304412367808033,72.5808219665626,"yes","saw ghost","50-75K","0",42.3011469540051,"female","independent"
63.8497465832351,5.4614339262863,137.567548221465,"yes","saw ghost",">100K","1",27.1354276405182,"male","republican"
63.4226203997369,7.53812163985721,58.0360699879068,"yes","saw UFO","50-75K","0",33.3461855450537,"male","republican"
60.2836307737648,0.698843573854742,122.614024476693,"yes","eerie feeling","75-100K","0",54.7409116036589,"female","republican"
78.5530188411252,0.190235738102197,95.5176614921738,"yes","saw ghost",">100K","0",52.560675768468,"female","republican"
68.600217657111,0.368054344007943,85.268581063717,"yes","saw ghost","75-100K","0",33.014281018633,"female","republican"
83.1821290575953,4.16005508284106,109.9969700345,"yes","saw UFO","50-75K","1",23.775005545053,"female","republican"
61.0347027690286,1.85383023838923,116.199010725082,"yes","eerie feeling","50-75K","0",29.6472328019268,"male","republican"
70.7634627677444,2.84623828969313,69.8893965269196,"yes","eerie feeling","50-75K","3",70.3779759057797,"female","republican"
74.6392094125854,14.8052060809565,83.3752046150422,"yes","saw UFO","50-75K","0",38.646498832377,"female","democrat"
59.6838912953257,2.88828034268727,105.461855298623,"yes","saw ghost","50-75K","0",23.0262456225921,"female","republican"
84.7206419769372,8.01019130346399,6000,"yes","heard voice","75-100K","2",28.0808721365679,"male","republican"
84.2376428288946,0.748374851994949,114.948638329616,"yes","saw ghost","50-75K","0",70.3779759057797,"female","republican"
84.3587620803928,0.898343248714713,110.310097513162,"yes","saw UFO","50-75K","0",61.4294913124572,"female","independent"
54.5268213375147,9.50359714883219,71.4063938977834,"yes","saw ghost","75-100K","0",47.2881882888759,"female","republican"
60.036748388255,1.85923002317628,85.0816681496524,"yes","saw ghost","50-75K","0",27.1354276405182,"female","republican"
69.0077962562371,0.024710762104999,62.2301814267844,"yes","saw UFO","50-75K","1",48.791631991884,"male","democrat"
76.3821516517891,0.0680709833961847,102.4303960656,"yes","eerie feeling",">100K","2",52.1702281179869,"female","republican"
68.4295265238737,0.889368850207334,78.1415315356343,"yes","presence watching","50-75K","0",24.4044494695724,"female","democrat"
62.3387490857052,1.90058090497013,95.454231162429,"yes","saw ghost","50-75K","0",70.3779759057797,"women","democrat"
76.4454976605179,3.21898733142132,106.165917066505,"yes","heard voice",">100K","0",35.4853454284037,"women","republican"
56.6572182161725,0.0326955027445925,197.484783757907,"yes","saw UFO","50-75K","3",70.3779759057797,"female","democrat"
69.6064983034164,0.297641496296239,147.165364553167,"yes","eerie feeling","50-75K","0",42.306570950558,"female","republican"
70.7686187381851,0.315074935736639,157.783876722873,"yes","eerie feeling","<50K","3",34.3908802757564,"female","republican"
68.3409689297995,10.9088173817697,25.2015445361231,"yes","eerie feeling","50-75K","2",30.5137944819902,"male","democrat"
59.5333727099356,0.134406580822138,160.154784967579,"yes","saw ghost","<50K","1",21.9927310426093,"female","democrat"
66.4409723874547,3.89529201779189,159.652357143783,"yes","saw ghost","75-100K","0",62.8069030435397,"female","republican"
62.5656546428778,0.47784793508608,35.9595214036011,"yes","heard voice","<50K","0",20.4863105554965,"female","republican"
61.8832122811866,2.51605861005106,92.0206355383997,"yes","saw ghost",">100K","0",43.9317866099731,"female","democrat"
69.6575010662907,1.05083649632579,138.162583748642,"yes","eerie feeling","50-75K","4",38.3515737773841,"male","republican"
65.8267596909723,0.216942049593558,141.070605317455,"yes","saw ghost","<50K","1",63.3244675474683,"female","republican"
84.0205834769372,0.292914657439425,44.7041917033054,"yes","saw UFO","50-75K","2",36.2931119241274,"female","democrat"
59.9423092505851,1.70342571322058,164.508492278051,"yes","saw UFO","50-75K","0",70.3779759057797,"male","republican"
85.8676347658125,1.93559242723008,74.7544205610596,"yes","saw ghost","50-75K","1",42.650513481605,"female","republican"
69.3743488167698,0.932729182808555,97.7256366607036,"yes","saw ghost",NA,"1",19.672590799424,"male","democrat"
77.8668210551253,0.306684273599857,92.8517286205666,"yes","eerie feeling","<50K","0",30.1838605790558,"women","democrat"
67.5052622268231,14.3002012990522,84.1704682467414,"yes","saw UFO",">100K","4",70.3779759057797,"female","republican"
72.6162113657097,5.68320845231673,96.0455144636124,"yes","saw ghost","50-75K","0",31.2681847415914,"male","republican"
75.0928675036031,10.6527360629528,96.2360348879637,"yes","saw ghost","50-75K","0",70.3779759057797,"women","democrat"
61.9538468385701,8.27827218533629,57.9730951834185,"yes","eerie feeling","50-75K","2",18.3612381020473,"male","republican"
58.5123075365742,1.08906576527687,95.7638337615942,"yes","eerie feeling","50-75K","1",60.6872313534212,"male","democrat"
60.2353663391033,7.20330348543217,151.559802997242,"yes","heard voice","50-75K","0",18.0793738215643,"female","independent"
78.7542945947795,31.7012645212486,56.3525378063034,"yes","saw ghost","75-100K","0",34.1304406388237,"women","republican"
60.0586108633542,6.8245970174809,132.518690494267,"yes","eerie feeling","50-75K","0",35.7308136056391,"female","independent"
80.6749219394285,0.845008468823262,97.5182882045766,"yes","heard voice","50-75K","0",30.3660752309496,"female","democrat"
60.7737306625294,14.8133404409857,31.9159190221791,"yes","saw ghost",NA,"0",47.3073529178177,"female","democrat"
66.2783593219984,0.328606156165035,114.324607497287,"yes","saw ghost","<50K","0",19.7543006426587,"women","democrat"
55.3135716183599,0.0276547678013133,148.745096484255,"yes","heard voice","50-75K","1",50.8889339420016,"male","democrat"
71.3050085500128,12.7276266538377,146.211468530272,"yes","heard voice","50-75K","0",25.8539145683274,"female","republican"
52.6055073572104,0.388442955988747,107.170533164622,"yes","saw UFO","75-100K","2",26.2534978125705,"female","republican"
52.493044820276,3.44401247647983,59.8932589877605,"yes","saw ghost","75-100K","0",26.6096107640296,"male","democrat"
63.5669285198209,1.0590433935858,83.6713472909397,"yes","saw UFO","50-75K","0",54.9815146996319,"female","independent"
73.5888735400649,1.03869788559103,153.951251625542,"yes","saw ghost","50-75K","0",37.9785608026105,"male","republican"
58.7482144744043,10.383563317696,60.9316193373039,"yes","saw ghost","50-75K","0",51.009073171511,"male","republican"
57.553446348146,20.7645721501766,39.9767392554383,"yes","saw UFO","50-75K","0",42.5506254499697,"male","republican"
76.2084379357241,12.5815208230072,105.561890444357,"yes","saw ghost",NA,"1",46.4750391835882,"female","republican"
67.54576027159,0.0190953786214322,75.1225628045458,"yes","saw ghost","50-75K","0",40.8457646693254,"male","republican"
80.3619582594745,5.7056489094163,39.6484417596513,"yes","saw ghost",">100K","4",70.3779759057797,"female","republican"
66.4559319303994,0.035327838051983,114.530569557194,"yes","saw UFO","<50K","0",45.1620086416973,"male","republican"
63.1032726733479,8.57855647604735,101.133552962417,"yes","eerie feeling","50-75K","0",58.8581185588617,"female","democrat"
67.4445171187577,0.302246162370187,141.718281000503,"yes","eerie feeling","50-75K","1",31.4061674718061,"male","republican"
72.2762677522859,0.82917547658116,97.1015160407185,"yes","saw ghost","50-75K","2",32.5852914425061,"women","democrat"
83.8916735176736,1.2233133746973,112.125272439396,"yes","saw ghost","50-75K","0",47.9211866762339,"women","republican"
58.73369982461,0.0959639354379192,51.970510563011,"yes","saw ghost","75-100K","2",51.3653941725529,"female","republican"
82.9865831540723,0.164927021982505,130.963546899236,"yes","saw ghost","50-75K","0",21.3461856349016,"female","republican"
71.1040215723446,2.92841701979551,79.347813380524,"yes","saw ghost","50-75K","0",25.1831128297665,"male","democrat"
75.6701762868956,0.516198308590256,62.7099132032995,"yes","eerie feeling","50-75K","0",23.8361773871924,"male","republican"
75.3652675714757,0.14902867176889,156.441608440172,"yes","presence watching","50-75K","1",55.8364292173561,"female","democrat"
70.711863280347,4.05679499034809,191.532774300485,"yes","eerie feeling","<50K","0",29.000626884303,"female","republican"
77.1401044705565,1.88943548516555,134.597029519674,"yes","heard voice","75-100K","0",45.2915383986482,"female","republican"
70.2821546096822,0.312693844624351,21.9105966069197,"yes","saw ghost","<50K","1",62.0136470270551,"male","republican"
59.6358207939633,12.362631910327,117.495621732463,"yes","eerie feeling","50-75K","0",34.4298886019163,"female","democrat"
83.485111989588,0.0843249153736437,71.7086535842891,"yes","presence watching","<50K","0",70.3779759057797,"male","republican"
43.7701088297539,1.46393043047881,128.397504953431,"yes","presence watching","75-100K","0",69.5567882001249,"male","republican"
43.4616965535558,0.0132279367468205,29.2280321473002,"yes","saw UFO","50-75K","2",70.3779759057797,"male","democrat"
66.2502476904754,6.50189303643581,148.419361197109,"yes","saw ghost","50-75K","0",53.3831806855166,"female","democrat"
61.455856481421,0.324198541930821,134.078596968736,"yes","heard voice","75-100K","1",32.8375386929532,"female","democrat"
70.5007955129707,11.1771705673502,116.714257376181,"yes","saw ghost","50-75K","1",70.3779759057797,"male","republican"
81.2623134656776,1.51211889961697,101.634781981951,"yes","saw ghost","50-75K","4",21.2598232168343,"women","republican"
66.2988531732745,4.43478946850108,92.6250028181003,"yes","saw ghost","50-75K","0",45.1386793424956,"female","democrat"
65.3269271235426,5.88626241676405,141.809180034404,"yes","presence watching","75-100K","0",41.523707621198,"female","independent"
52.1765692974323,9.01547926081698,99.1509608746345,"yes","saw ghost","75-100K","1",36.0145003475466,"male","democrat"
78.7874180502891,8.63363237516754,95.3482114036602,"yes","saw ghost","50-75K","0",54.1928807152502,"female","democrat"
50.0124274352504,12.3921788116677,60.3498933976559,"yes","eerie feeling","<50K","0",26.4487889902579,"female","democrat"
75.0728093815279,0.0191394994650736,74.5604966719316,"yes","eerie feeling","50-75K","2",58.3810514533235,"female","republican"
96.3914470996028,2.28380620977763,169.051341113577,"yes","presence watching","<50K","0",27.9119390714835,"female","republican"
66.52525164171,0.414846566924678,161.782022102778,"yes","eerie feeling","50-75K","1",53.4608345788252,"female","independent"
65.3120160005682,7.30879008222554,34.8458663852568,"yes","saw ghost","50-75K","0",67.8672630290419,"female","democrat"
72.734725244476,0.617147354974187,16.6271838975322,"yes","saw ghost","50-75K","0",35.7658972149257,"female","republican"
83.5907977316589,0.471015329034956,55.3994738830119,"yes","eerie feeling",NA,"0",28.6060036293286,"female","democrat"
76.1366080870834,3.12395432827245,68.7093860395472,"yes","eerie feeling","50-75K","1",20.6655959561319,"female","republican"
64.9290390795664,9.29662376564997,37.4954627641449,"yes","saw ghost","75-100K","0",60.7209923684727,"male","democrat"
61.74923248094,12.0676069607568,49.1310394754172,"yes","eerie feeling","50-75K","0",58.5832983741582,"female","democrat"
77.6900905677922,3.79334397131254,79.818146600532,"yes","saw UFO","50-75K","0",22.7862283662948,"male","democrat"
81.0625281525258,7.4028360218354,98.6294658179871,"yes","eerie feeling","<50K","0",25.601939726518,"male","republican"
63.3302572636518,10.5610221522747,112.78538388328,"yes","eerie feeling","50-75K","1",70.3779759057797,"female","democrat"
57.5895078377983,1.71014426723754,133.413069535777,"yes","saw ghost","50-75K","0",70.3779759057797,"male","democrat"
66.3366234590631,2.91254330647285,50.8099602524811,"yes","eerie feeling","50-75K","3",26.1196631994745,"male","democrat"
78.1154612710046,6.26761466855805,71.7632212592851,"yes","saw ghost","50-75K","0",70.3779759057797,"male","republican"
59.3219389873914,4.01766203023691,85.2240432610322,"yes","presence watching","50-75K","2",38.0499239887685,"female","republican"
63.2568154984069,7.87568302707294,68.6510063213149,"yes","saw ghost","50-75K","2",45.3175587437032,"female","democrat"
68.1108301529319,0.367341103835809,98.5301949912786,"yes","saw ghost","<50K","0",23.680333373943,"male","democrat"
80.259923206462,11.1268395938077,120.076079688608,"yes","saw ghost","50-75K","0",65.94923819069,"male","democrat"
78.0319393780719,0.000170310685002282,126.791244219001,"yes","saw UFO","75-100K","0",48.2935043845228,"female","republican"
60.1902409079411,3.13663668167859,100.728710387459,"yes","eerie feeling","<50K","1",51.7722117874517,"male","democrat"
63.010220094243,1.26380049148292,139.071212609189,"yes","eerie feeling",">100K","0",45.2384115241825,"female","democrat"
67.265831265691,1.05126385540136,76.3509636811667,"yes","presence watching","75-100K","3",52.3347884088144,"female","republican"
69.4114161344659,4.03197111473113,108.399168474944,"yes","eerie feeling","75-100K","2",47.6576908041846,"female","independent"
85.1753137248668,0.695387698805196,87.625506224019,"yes","eerie feeling","50-75K","2",50.4075684915055,"male","republican"
79.5028555687356,7.34626526776616,145.615185035332,"yes","saw ghost","50-75K","0",21.1023192994538,"male","republican"
74.9533193245174,1.42079837480336,118.264830649657,"yes","eerie feeling","50-75K","0",36.6542792991438,"female","democrat"
67.5205841346277,11.2169292043466,107.198303156283,"yes","saw UFO","50-75K","1",61.2422221412857,"male","democrat"
76.0504554760525,5.03827547877037,104.527737331827,"yes","heard voice","75-100K","4",70.3779759057797,"female","republican"
58.0617232000984,7.1550755404452,98.6861891638867,"yes","saw ghost","50-75K","0",70.3779759057797,"female","democrat"
49.5261403557368,7.31532662610442,87.7134823363469,"yes","saw UFO","50-75K","0",44.140815700336,"female","republican"
69.3870531276219,0.977986047604533,116.206180787835,"yes","saw ghost",NA,"1",45.9546888613396,"female","democrat"
63.6673227365102,1.78521537145905,58.3901941505207,"yes","eerie feeling","50-75K","2",18.1145981630795,"female","republican"
56.6273665873485,0.327399410900907,112.374155499074,"yes","eerie feeling","75-100K","2",38.4211903353477,"male","democrat"
83.3768093170175,3.06915494817797,144.373523174509,"yes","eerie feeling","50-75K","1",23.4674697863236,"female","republican"
90.2333771188304,0.0220918142361991,79.3786393817008,"yes","saw ghost",NA,"0",28.1059194641087,"female","democrat"
68.0930771434194,8.45373231387378,91.3561457799178,"yes","saw ghost","75-100K","1",21.6567994438681,"male","democrat"
62.1615387585143,6.39913910437665,105.29577503809,"yes","presence watching",">100K","3",70.3779759057797,"female","republican"
63.6511988649921,0.688000370050856,125.609986487809,"yes","heard voice",">100K","3",70.3779759057797,"male","republican"
70.3002326575891,3.77415064194647,82.5501923408877,"yes","saw UFO","50-75K","1",60.3791621203458,"male","republican"
85.8643058640263,0.0865353681039758,65.4280495048042,"yes","saw ghost","50-75K","0",70.3779759057797,"male","independent"
64.1479784150215,0.13162370796997,150.486760603073,"yes","eerie feeling","<50K","0",42.5486323182374,"female","republican"
56.093996348249,0.588645600954883,103.519916558739,"yes","saw UFO","50-75K","0",29.094762639074,"female","democrat"
48.4571307216534,0.126498775515975,149.726955931634,"yes","saw UFO","50-75K","0",70.3779759057797,"female","republican"
59.2263628863879,0.340890389106243,37.7316692704951,"yes","saw ghost","75-100K","0",19.7543108568902,"female","democrat"
71.9980104106172,0.0507477719684723,129.779031927085,"yes","saw ghost","50-75K","0",38.7727047464428,"male","democrat"
65.8226039179159,2.23628040556748,85.8578254010118,"yes","saw ghost","50-75K","0",49.3642445339008,"female","republican"
63.1094211187902,4.84381651329426,58.725552118074,"yes","presence watching","75-100K","1",67.7362868100892,"female","democrat"
66.1760155995097,2.83057746550495,127.171790986222,"yes","saw ghost","50-75K","1",28.2126792088936,"women","democrat"
67.9036078477083,0.594940552234881,96.6063660834854,"yes","saw ghost","50-75K","0",63.2752193234996,"female","democrat"
68.4145088231318,5.27501407381397,88.5928228348441,"yes","eerie feeling","50-75K","0",33.2052176600418,"male","independent"
66.5355877060069,0.189382201996968,55.8133011413435,"yes","eerie feeling","75-100K","4",70.3779759057797,"female","republican"
56.7220782353986,2.66825141515084,59.0426820923915,"yes","heard voice","<50K","0",36.6697046937222,"male","democrat"
74.5363712101571,0.049795449464024,6.81041499071594,"yes","eerie feeling","50-75K","1",43.4309043888895,"female","independent"
62.0031061401494,3.92223019819004,83.2707909551854,"yes","heard voice","<50K","0",70.3779759057797,"female","democrat"
76.2214036634694,15.0046715629055,181.569657383139,"yes","eerie feeling","50-75K","0",45.1906807315413,"female","democrat"
85.8698306422541,0.11929460427901,134.698235616818,"yes","eerie feeling","<50K","1",39.1584445975751,"male","democrat"
53.6184028227032,0.153356854633843,51.4452959953152,"no","saw UFO","<50K","0",29.8030677320353,"female","independent"
89.5737546022784,0.223916553258859,147.380203275679,"yes","saw UFO","50-75K","2",22.9170246182847,"female","democrat"
63.9358041326927,0.0272245861586393,75.6290310849046,"yes","presence watching","50-75K","1",27.1354276405182,"male","republican"
45.2937777161142,0.399169898938774,103.978848791181,"yes","saw UFO","75-100K","0",64.200991228248,"female","democrat"
67.2886271772391,17.9824512723809,117.949534507561,"yes","heard voice","50-75K","2",34.0878740325553,"male","democrat"
85.0536932458617,0.544370432445115,122.312539166564,"yes","saw ghost","<50K","0",49.1961840600173,"male","republican"
56.814317335366,0.885063479380082,126.061331692415,"yes","heard voice","75-100K","0",24.0610185995761,"male","democrat"
80.0488324832553,0.314592264870821,139.880022814091,"yes","eerie feeling","50-75K","0",27.2088442066164,"male","independent"
68.5330622299387,2.01439192175325,85.4671625748597,"yes","saw UFO","50-75K","2",46.612301892605,"male","independent"
67.3533140312809,5.85477814110727,165.554615971834,"yes","eerie feeling","50-75K","2",38.6919214243491,"male","republican"
76.4091435429311,7.71464564701329,112.333121789559,"yes","saw ghost","75-100K","0",22.1306897691952,"female","democrat"
38.0665904868239,0.250442723960333,84.7532331512296,"yes","saw ghost","75-100K","1",26.2986238564136,"male","republican"
58.5455486434797,34.7165067531311,104.359953144377,"yes","saw ghost","50-75K","0",45.7748563477546,"male","republican"
79.8251978832493,1.17569163751403,105.417031556291,"yes","saw UFO","50-75K","0",36.4456183880786,"female","democrat"
69.2732268630648,0.00324170334023754,58.1973083447288,"yes","eerie feeling",">100K","2",53.2453711262519,"female","democrat"
48.1377500792075,3.14364090391251,127.762814566262,"yes","eerie feeling","75-100K","2",70.3779759057797,"female","republican"
59.4400527817081,14.6963797727932,178.029358012471,"yes","eerie feeling","50-75K","0",21.6940734820583,"female","republican"
69.5389103469728,0.0375006728388119,171.798611540302,"yes","saw UFO","50-75K","1",28.6244877736291,"female","republican"
61.4928603311174,13.2222656621391,170.541460106244,"yes","saw ghost",NA,"1",31.2022105458648,"women","democrat"
80.6645695158653,3.56940874315356,82.7142704011623,"yes","presence watching","<50K","0",43.1520745082909,"male","independent"
81.7920695942411,1.93109885451618,10.7700867559221,"yes","saw ghost","75-100K","2",49.2475207439755,"female","democrat"
72.609409642324,15.7378871788347,246.487978316899,"yes","eerie feeling","50-75K","2",22.6189307628563,"male","democrat"
62.064235433891,0.258674884511414,26.098113347447,"yes","saw ghost","50-75K","0",70.3779759057797,"male","independent"
74.541791025641,1.24941654203897,82.958848945739,"yes","eerie feeling","50-75K","0",20.0452464824265,"male","democrat"
84.3547517654203,16.7808720948505,85.9171350817401,"yes","eerie feeling","<50K","0",44.2366881989895,"female","republican"
73.3564931972806,0.391125293403541,50.3175345297582,"yes","saw UFO","75-100K","2",70.3779759057797,"male","republican"
60.5103037837896,1.7501237840308,122.394991310662,"yes","eerie feeling","75-100K","0",42.4569149850775,"male","democrat"
71.9240088729253,7.38929245749929,110.509998308023,"yes","eerie feeling","50-75K","0",65.8166787830101,"female","democrat"
64.0685285855223,0.0687241075258953,106.602916013425,"yes","saw UFO","75-100K","1",37.1656744523416,"male","democrat"
80.3068521485971,1.17465876526502,176.8901724387,"yes","eerie feeling","50-75K","0",25.9228840622802,"women","democrat"
63.7026671345997,0.000885068528991836,31.2855692761528,"yes","saw UFO","50-75K","0",45.4985431196328,"male","republican"
92.7094496822777,0.915263374518249,121.998132413677,"yes","eerie feeling","75-100K","3",19.7798229701941,"male","republican"
47.3336577306848,0.663498631913126,32.5722059209085,"yes","eerie feeling","50-75K","0",47.5605885210763,"male","democrat"
58.290928486416,0.838999622357054,63.1857642999558,"yes","saw ghost","50-75K","3",41.367658663051,"male","republican"
